iter,n_resources,mean_fit_time,std_fit_time,mean_score_time,std_score_time,param_gamma,params,split0_test_score,split1_test_score,split2_test_score,split3_test_score,split4_test_score,mean_test_score,std_test_score,rank_test_score,split0_train_score,split1_train_score,split2_train_score,split3_train_score,split4_train_score,mean_train_score,std_train_score
0,973,0.33698034286499023,0.09099555634481617,0.002521324157714844,0.00035251569753052577,70.71067811865476,{'gamma': 70.71067811865476},-1.4237052219919186,-1.5303748330205422,-1.4715581858133144,-1.671416284094458,-1.4298825701523434,-1.5053874190145151,0.09133163244961884,3,-1.4909946079021765,-1.490143708360431,-1.4360595786693569,-1.4285230271422285,-1.4729565029309597,-1.4637354850010307,0.02657575659785184
0,973,0.5369155883789063,0.0414796808741756,0.0028589725494384765,0.0014163183607902585,22.360679774997898,{'gamma': 22.360679774997898},-1.3976572912058636,-1.5260591826153547,-1.4862105361407711,-1.6719870047021954,-1.4144534509108213,-1.4992734931150014,0.09822256679771435,2,-1.461296587268047,-1.4626611319134322,-1.394858875860379,-1.3942097610906603,-1.4413726535286893,-1.4308798019322415,0.03061872861684721
0,973,0.47670555114746094,0.04917697087181903,0.005787277221679687,0.004349999068385518,7.0710678118654755,{'gamma': 7.0710678118654755},-1.381004084496945,-1.5706585840414375,-1.4958375402435347,-1.6654887109321075,-1.414819721215852,-1.5055617281859754,0.10359297149326084,4,-1.4175778517378077,-1.42036835098915,-1.3534353015782454,-1.362941998595331,-1.4047452470606625,-1.3918137499922394,0.028117116227201807
1,2919,3.9597026348114013,0.7377384971132869,0.013368892669677734,0.003221068722331714,22.360679774997898,{'gamma': 22.360679774997898},-1.4535083788689158,-1.4276329930969347,-1.464324279037532,-1.5476114713279918,-1.4528893911046539,-1.4691933026872057,0.04101758224369704,1,-1.4378733741055887,-1.4445860723085138,-1.435842407225001,-1.4149367284984917,-1.4382877930361457,-1.4343052750347483,0.010117212496458671
